{
  "metrics": {
    "checks": {
      "type": "rate",
      "contains": "default",
      "values": {
        "rate": 0.9761512602773015,
        "passes": 289218,
        "fails": 7066
      }
    },
    "requests_total": {
      "type": "counter",
      "contains": "default",
      "values": {
        "count": 74071,
        "rate": 45.69050537906465
      }
    },
    "errors": {
      "thresholds": {
        "rate<0.01": {
          "ok": false
        }
      },
      "type": "rate",
      "contains": "default",
      "values": {
        "rate": 0.05946996800367215,
        "passes": 4405,
        "fails": 69666
      }
    },
    "http_req_blocked": {
      "type": "trend",
      "contains": "time",
      "values": {
        "max": 805.126,
        "min": 0,
        "med": 0.007,
        "p(90)": 0.018,
        "p(95)": 0.034,
        "p(99)": 1.124,
        "p(99.9)": 35.77112000001047,
        "count": 74071,
        "avg": 0.17808038233586684
      }
    },
    "api_response_time": {
      "type": "trend",
      "contains": "default",
      "values": {
        "avg": 113.32549850818809,
        "med": 5,
        "p(90)": 46,
        "p(99)": 3844.2999999999993,
        "p(99.9)": 9885.370000000074,
        "count": 74071,
        "min": 0,
        "max": 13816,
        "p(95)": 286.4999999999967
      }
    },
    "http_req_receiving": {
      "values": {
        "avg": 0.3032621403788288,
        "min": 0.005,
        "max": 1525.635,
        "p(90)": 0.107,
        "p(95)": 0.146,
        "p(99)": 1.3984999999999967,
        "p(99.9)": 50.71852000000297,
        "count": 74071,
        "med": 0.055
      },
      "type": "trend",
      "contains": "time"
    },
    "vus_max": {
      "type": "gauge",
      "contains": "default",
      "values": {
        "value": 150,
        "min": 150,
        "max": 150
      }
    },
    "http_req_duration{expected_response:true}": {
      "type": "trend",
      "contains": "time",
      "values": {
        "med": 4.729,
        "max": 13812.267,
        "p(90)": 44.591,
        "count": 74071,
        "avg": 112.50306559922262,
        "p(95)": 280.69049999999953,
        "p(99)": 3825.5238999999992,
        "p(99.9)": 9884.289140000074,
        "min": 0.536
      }
    },
    "iterations": {
      "type": "counter",
      "contains": "default",
      "values": {
        "count": 74071,
        "rate": 45.69050537906465
      }
    },
    "data_received": {
      "type": "counter",
      "contains": "data",
      "values": {
        "count": 93956190,
        "rate": 57956.63356227701
      }
    },
    "http_req_failed": {
      "type": "rate",
      "contains": "default",
      "values": {
        "rate": 0,
        "passes": 0,
        "fails": 74071
      },
      "thresholds": {
        "rate<0.01": {
          "ok": true
        }
      }
    },
    "http_reqs": {
      "type": "counter",
      "contains": "default",
      "values": {
        "count": 74071,
        "rate": 45.69050537906465
      }
    },
    "http_req_connecting": {
      "type": "trend",
      "contains": "time",
      "values": {
        "med": 0,
        "max": 7.993,
        "min": 0,
        "p(90)": 0,
        "p(95)": 0,
        "p(99)": 0,
        "p(99.9)": 0.228,
        "count": 74071,
        "avg": 0.0007961685409944514
      }
    },
    "data_sent": {
      "type": "counter",
      "contains": "data",
      "values": {
        "count": 13859070,
        "rate": 8548.931597843064
      }
    },
    "http_req_waiting": {
      "type": "trend",
      "contains": "time",
      "values": {
        "p(99.9)": 9424.826690000025,
        "count": 74071,
        "med": 4.641,
        "p(90)": 43.631,
        "p(95)": 274.18199999999933,
        "p(99)": 3792.8161999999993,
        "avg": 110.30514189088797,
        "min": 0.521,
        "max": 13808.907
      }
    },
    "http_req_duration": {
      "type": "trend",
      "contains": "time",
      "values": {
        "min": 0.536,
        "med": 4.729,
        "max": 13812.267,
        "p(90)": 44.591,
        "count": 74071,
        "avg": 112.50306559922262,
        "p(95)": 280.69049999999953,
        "p(99)": 3825.5238999999992,
        "p(99.9)": 9884.289140000074
      },
      "thresholds": {
        "p(95)<200": {
          "ok": false
        },
        "p(99)<500": {
          "ok": false
        }
      }
    },
    "http_req_sending": {
      "values": {
        "avg": 1.8946615679551166,
        "min": 0.001,
        "med": 0.02,
        "max": 5833.924,
        "p(90)": 0.042,
        "p(95)": 0.08,
        "p(99)": 2.8652999999999995,
        "p(99.9)": 105.8440600000134,
        "count": 74071
      },
      "type": "trend",
      "contains": "time"
    },
    "vus": {
      "type": "gauge",
      "contains": "default",
      "values": {
        "value": 1,
        "min": 1,
        "max": 150
      }
    },
    "iteration_duration": {
      "type": "trend",
      "contains": "time",
      "values": {
        "p(99.9)": 11201.593548750023,
        "med": 1566.417084,
        "p(95)": 2478.0728125,
        "p(99)": 5213.896024999999,
        "count": 74071,
        "avg": 1623.648482041626,
        "min": 502.847042,
        "max": 16214.811333,
        "p(90)": 2375.78525
      }
    },
    "http_req_tls_handshaking": {
      "type": "trend",
      "contains": "time",
      "values": {
        "max": 0,
        "p(95)": 0,
        "p(99)": 0,
        "avg": 0,
        "min": 0,
        "med": 0,
        "p(90)": 0,
        "p(99.9)": 0,
        "count": 74071
      }
    }
  },
  "root_group": {
    "name": "",
    "path": "",
    "id": "d41d8cd98f00b204e9800998ecf8427e",
    "groups": [],
    "checks": [
        {
          "fails": 0,
          "name": "status is 200",
          "path": "::status is 200",
          "id": "6210a8cd14cd70477eba5c5e4cb3fb5f",
          "passes": 74071
        },
        {
          "fails": 4405,
          "name": "response time < 200ms",
          "path": "::response time < 200ms",
          "id": "30cdd5fbce443e25a0330e25aa52afa2",
          "passes": 69666
        },
        {
          "id": "3e02485a995423a591645f4eee6c60eb",
          "passes": 71410,
          "fails": 2661,
          "name": "response time < 500ms",
          "path": "::response time < 500ms"
        },
        {
          "name": "has user data",
          "path": "::has user data",
          "id": "7d1a9750fea39bc72938b941fc55ee4b",
          "passes": 74071,
          "fails": 0
        }
      ]
  },
  "options": {
    "noColor": false,
    "summaryTrendStats": [
      "avg",
      "min",
      "med",
      "max",
      "p(90)",
      "p(95)",
      "p(99)",
      "p(99.9)",
      "count"
    ],
    "summaryTimeUnit": ""
  },
  "state": {
    "isStdOutTTY": true,
    "isStdErrTTY": true,
    "testRunDurationMs": 1621146.437
  }
}